FirstName,Phone,Notes
John Doe,+1234567890,Contact about product inquiry and provide detailed information
Jane Smith,+1987654321,Follow up on previous discussion regarding pricing options
Mike Johnson,+1122334455,New customer onboarding and account setup assistance
Sarah Wilson,+1555666777,Technical support for software installation issues
David Brown,+1888999000,Sales consultation for enterprise package upgrade
Lisa Garcia,+1444555666,Customer feedback collection and satisfaction survey
Tom Anderson,+1777888999,Billing inquiry and payment method update required
Emily Davis,+1333444555,Product demonstration and feature walkthrough
Robert Miller,+1666777888,Contract renewal discussion and terms negotiation
Maria Rodriguez,+1999000111,Training session for new features and functionalities
James Taylor,+1222333444,Bug report investigation and resolution follow-up
Ashley Martinez,+1555777999,Account migration assistance and data transfer
Kevin White,+1777999222,Integration support for third-party applications
Nicole Thompson,+1888111333,Security audit consultation and recommendations
Daniel Lee,+1444666888,Performance optimization and system tuning
Jennifer Clark,+1666888111,Compliance review and documentation updates
Michael Lewis,+1333555777,API documentation clarification and examples
Amanda Hall,+1555888222,Mobile app setup and configuration guidance
Christopher Allen,+1777222555,Database backup and recovery procedure training
Stephanie Young,+1888444666,User access management and permissions review
Matthew King,+1222444777,Workflow automation setup and configuration
Laura Wright,+1555111444,Report generation and analytics dashboard setup
Brandon Scott,+1777444888,System maintenance schedule and downtime planning
Melissa Green,+1888666111,Custom field configuration and data mapping
Justin Adams,+1333777222,Email notification setup and template customization