user_id,post_id,title,category
5eece14ffc13ae6609000122,112358132,Why POLITICAL Is A Tactic Not A Strategy,political
5eece14efc13ae6609000045,134679852,The Secrets To SCIENCE,dance
5eece14ffc13ae66090001ab,192837465,How MATHEMATICS Can Increase Your Profit!,Mathematics
5eece14ffc13ae660900018f,345126789,Photography Techniques Used By The Elite,photography
5eece14ffc13ae66090000b3,209876543,The Ultimate Cheat Sheet On BANKING,banking
5eece14ffc13ae6609000179,112233445,Why DANCE Is Killing You,dance
5eece14efc13ae6609000047,223344556,Why Most People Will Never Be Great At ART,art
5eece14ffc13ae66090001cd,334455667,Use SCIENCE To Make Someone Fall In Love With You,science
5eece14efc13ae6609000052,445566778,How To Become Better With HR MANAGEMENT In 10 Minutes,HR management
5eece14ffc13ae66090001dd,556677889,10 Reasons Why You Are Still An Amateur At GRAPHIC,graphic
5eece14ffc13ae6609000123,667788990,How I Improved My ZOOLOGY In One Easy Lesson,zoology
5eece14ffc13ae66090000fa,778899001,Warning: These 10 Mistakes Will Destroy Your POLITICAL,political
5eece14ffc13ae66090000f3,889900112,How To Quit MUSIC In 5 Days,Music
5eece14efc13ae6609000025,990011223,HR MANAGEMENT Is Your Worst Enemy. 10 Ways To Defeat It,HR management
5eece14ffc13ae66090000ee,101112131,Take Advantage Of MATHEMATICS – Read These 10 Tips,Mathematics
5eece14ffc13ae660900011e,121314151,How To Create A ZOOLOGY You Can Be Proud Of,zoology
5eece14ffc13ae6609000152,141516171,MUSIC Smackdown!,Music
5eece14ffc13ae6609000147,161718192,Here Are 7 Ways To Improve HR MANAGEMENT,HR management
5eece14ffc13ae6609000199,181920212,What Can INSTAGRAM Teach You About PHOTOGRAPHY,photography
5eece14ffc13ae66090001f1,202122232,10 Important Facts That You Should Know About SCIENCE,science
5eece14efc13ae6609000059,222324252,What You Know About ART And What You Don't Know,art
5eece14ffc13ae6609000100,242526272,7 Surprisingly Effective Ways To DANCE,dance
5eece14ffc13ae66090000c1,262728292,Want More Money? Start MUSIC,Music
5eece14ffc13ae6609000198,282930313,How To Turn HR MANAGEMENT Into Success,HR management
5eece14ffc13ae66090001e4,303132333,MATHEMATICS Tips You Will Read This Year,Mathematics
5eece14ffc13ae66090000cb,323334353,Here Is A Quick Cure For POLITICAL,political
5eece14ffc13ae66090001a2,343536373,How I Got Started With GRAPHIC,graphic
5eece14ffc13ae6609000148,363738393,Can MUSIC Ever Rule The World?,Music
5eece14efc13ae6609000046,383940414,Why Most People Fail At PHOTOGRAPHY,photography
5eece14ffc13ae66090000a3,404142434,ART Strategies For Beginners,art
5eece14ffc13ae66090001d0,424344454,Why Ignoring HR MANAGEMENT Will Cost You Time and Sales,HR management
5eece14ffc13ae66090000de,444546474,This Study Will Perfect Your ZOOLOGY: Read Or Miss Out,zoology
5eece14ffc13ae6609000192,464748494,The Hidden Mystery Behind MATHEMATICS,Mathematics
5eece14ffc13ae66090001a5,484950515,10 Awesome Tips About POLITICAL From Unlikely Sources,political
5eece14ffc13ae6609000125,505152535,Why Everyone Is Talking About SCIENCE Right Now,science
5eece14ffc13ae66090001f3,525354555,You Don't Have To Be A Big Corporation To Start ART,art
5eece14ffc13ae6609000186,545556575,Why I Switched To MUSIC,Music
5eece14ffc13ae6609000149,565758595,How I Improved My DANCE In One Day,dance
5eece14ffc13ae66090001b3,585960616,10 Things You Didn't Know About GRAPHIC,graphic
5eece14ffc13ae66090000a4,606162636,Banking Secrets Exposed,banking
5eece14ffc13ae6609000161,626364656,Everything You Need To Know About HR MANAGEMENT,HR management
5eece14ffc13ae66090000d7,646566676,The Ultimate Guide To POLITICAL,political
5eece14ffc13ae66090000e9,666768697,The Death Of MUSIC,Music
5eece14ffc13ae66090001ff,686970717,How To Deal With A Very Bad ART,art
5eece14ffc13ae66090001ee,707172737,How To Start SCIENCE With Less Than $100,science
5eece14ffc13ae66090000cd,727374757,The Lazy Man's Guide To ZOOLOGY,zoology
5eece14ffc13ae6609000143,747576777,Top 10 Tips To Grow Your MATHEMATICS,Mathematics
5eece14ffc13ae66090001aa,758577878,Why Everyone Is Dead Wrong About POLITICAL,political
5eece14efc13ae6609000055,768687898,SCIENCE - Not For Everyone,science
5eece14ffc13ae66090001bb,778797818,3 Simple Tips For Using MUSIC To Get Ahead,Music
5eece14ffc13ae66090001cc,788807838,The Science Of HR MANAGEMENT,HR management
5eece14ffc13ae66090001dd,798817858,Why No One Talks About PHOTOGRAPHY Anymore,photography
5eece14ffc13ae66090001ee,808827878,What Shakespeare Can Teach You About GRAPHIC,graphic
5eece14ffc13ae66090001ff,818837898,ZOOLOGY: What A Mistake!,zoology
5eece14ffc13ae6609000101,828847818,MUSIC - So Simple Even Your Kids Can Do It,Music
5eece14ffc13ae6609000102,838857838,The Ultimate Guide To ART,art
5eece14ffc13ae6609000103,848867858,15 No Cost Ways To Improve Your DANCE,dance
5eece14ffc13ae6609000104,858877878,Top 10 YouTube Clips About POLITICAL,political
5eece14ffc13ae6609000105,868887898,Why You Should Forget Everything You Learned About SCIENCE,science
5eece14ffc13ae6609000106,878897818,The Truth About MATHEMATICS,Mathematics
5eece14ffc13ae6609000107,888907838,20 Places To Get Deals On HR MANAGEMENT,HR management
5eece14ffc13ae6609000108,898917858,The Best Way To Learn PHOTOGRAPHY,photography
5eece14ffc13ae6609000109,908927878,5 Proven GRAPHIC Techniques,graphic
5eece14ffc13ae6609000110,918937898,ZOOLOGY Explained,zoology
5eece14ffc13ae6609000111,928947818,The Lazy Way To Learn MUSIC,Music
5eece14ffc13ae6609000112,938957838,8 Ridiculous Rules About ART,art
5eece14ffc13ae6609000113,948967858,The Hidden Agenda Of DANCE,dance
5eece14ffc13ae6609000114,958977878,The Truth About POLITICAL Is About To Be Revealed,political
5eece14ffc13ae6609000115,968987898,The Quickest & Easiest Way To SCIENCE,science
5eece14ffc13ae6609000116,978997818,How To Win Friends And Influence MATHEMATICS,Mathematics
5eece14ffc13ae6609000117,989007838,10 Places To Get Deals On HR MANAGEMENT,HR management
5eece14ffc13ae6609000118,999017858,PHOTOGRAPHY An Incredibly Easy Method That Works For All,photography
5eece14ffc13ae6609000119,1001027878,Here’s What I Know About GRAPHIC,graphic
5eece14ffc13ae6609000120,1012037898,5 Actionable Tips on ZOOLOGY,zoology
5eece14ffc13ae6609000122,1023047818,Why MUSIC Is Still Relevant,Music
5eece14ffc13ae6609000123,1034057838,Little Known Facts About ART,art
5eece14ffc13ae6609000124,1045067858,How DANCE Can Keep You Out of Trouble,dance
5eece14ffc13ae6609000125,1056077878,A Guide To POLITICAL At Any Age,political
5eece14ffc13ae6609000126,1067087898,SCIENCE And Love Have 4 Things In Common,science
5eece14ffc13ae6609000127,1078097818,Top 7 Trends In MATHEMATICS To Watch,Mathematics
5eece14ffc13ae6609000128,1089107838,10 Things You Must Know About HR MANAGEMENT,HR management
5eece14ffc13ae6609000129,1100117858,10 Solid Reasons To Avoid PHOTOGRAPHY,photography
5eece14ffc13ae6609000130,1111127878,Best GRAPHIC Tips You Will Read This Year,graphic
5eece14ffc13ae6609000131,1122137898,Why Ignoring ZOOLOGY Will Cost You Time and Sales,zoology
5eece14ffc13ae6609000132,1133147818,The Secrets To Effective MUSIC,Music
5eece14ffc13ae6609000133,1144157838,How To Become A Thought Leader In ART,art
5eece14ffc13ae6609000134,1155167858,The Best Way To DANCE,dance
5eece14ffc13ae6609000135,1166177878,3 Ways POLITICAL Can Improve Your Business,political
5eece14ffc13ae6609000136,1177187898,Double Your Profit With These 5 Tips on SCIENCE,science
5eece14ffc13ae6609000137,1188197818,Improve Your MATHEMATICS Skills,Mathematics
5eece14ffc13ae6609000138,1199207838,How To Find HR MANAGEMENT Online,HR management
5eece14ffc13ae6609000139,1210217858,Why PHOTOGRAPHY Is So Popular,photography
5eece14ffc13ae6609000140,1221227878,Best GRAPHIC Tips You Will Read This Year,graphic
5eece14ffc13ae6609000141,1232237898,Learn Exactly How I Improved ZOOLOGY In 2 Days,zoology
5eece14ffc13ae6609000142,1243247818,MUSIC Strategies That Actually Work,Music
5eece14ffc13ae6609000143,1254257838,The ART Of ART,art
5eece14ffc13ae6609000144,1265267858,10 Things You Should Know About DANCE,dance
